HERO,id,class,faction,hp,attack,interval,ability,ability_damage,target,status
HERO,ember_knight,Tank,Light,450,34,1.1,shield_bash,150,FirstEnemy,Stun
HERO,forest_archer,Ranger,Nature,240,50,0.8,finishing_arrow,210,LowestHealthEnemy,None
HERO,iron_guard,Tank,Machine,520,28,1.2,iron_guard_ultimate,130,FirstEnemy,None
HERO,shade_mage,Mage,Shadow,210,62,1.25,shadow_flame,120,AllEnemies,Burn
HERO,storm_hunter,Ranger,Beast,280,68,0.9,storm_hunter_ultimate,280,FirstEnemy,None
HERO,sun_priest,Support,Light,260,42,1,solar_wave,140,AllEnemies,None
EQUIPMENT,id,slot,attack,health
EQUIPMENT,apprentice_staff,Weapon,18,20
EQUIPMENT,bronze_sword,Weapon,15,0
EQUIPMENT,guard_plate,Armor,0,100
EQUIPMENT,mystic_robe,Armor,8,50
EQUIPMENT,oak_bow,Weapon,20,0
EQUIPMENT,ranger_leathers,Armor,5,60
PRODUCT,id,kind,gems,entitlement
PRODUCT,founder_badge,NonConsumable,300,founder_badge
PRODUCT,gems_1200,Consumable,1200,
PRODUCT,gems_500,Consumable,500,
CONFIG,campaign_gold,100
CONFIG,daily_dungeon_gold,300
CONFIG,tower_base_gold,150
CONFIG,daily_attempts,3
CONFIG,idle_cap_hours,8
